-- MySQL 初始化脚本
-- 用于 Docker 容器启动时自动初始化数据库

-- 创建数据库
CREATE DATABASE IF NOT EXISTS pear_admin CHARACTER SET utf8mb4 COLLATE utf8mb4_unicode_ci;

-- 使用数据库
USE pear_admin;

SET NAMES utf8mb4;
SET FOREIGN_KEY_CHECKS = 0;

-- 表: ums_department
DELETE FROM `ums_department`;

INSERT INTO `ums_department` (`id`, `name`, `leader`, `enable`, `pid`) VALUES
(1, '集团总部', '集团负责人', 1, 0),
(2, '济南分公司', '就眠仪式', 1, 1),
(3, '唐山分公司', 'mkg', 1, 1),
(4, '济南分公司-开发部', '就眠仪式', 1, 2),
(5, '唐山分公司-测试部', 'mkg', 1, 3),
(6, '长沙某公司', '正心全栈编程', 1, 0),
(7, '长沙某公司-VIP服务中心', '正心全栈编程', 1, 6),
(8, '长沙某公司-招生中心', '正心全栈编程', 1, 6),
(9, '长沙某公司-运营中心', '正心全栈编程', 1, 6);


-- 表: ums_rights
DELETE FROM `ums_rights`;

INSERT INTO `ums_rights` (`id`, `name`, `code`, `type`, `url`, `icon_sign`, `status`, `sort`, `open_type`, `pid`) VALUES
(100, '系统管理', 'ums:rights', 'menu', NULL, 'layui-icon layui-icon-set-fill', 1, 2, NULL, 0),
(101, '权限管理', 'ums:rights:list', 'path', '/system/rights/index.html', 'layui-icon layui-icon-console', 1, 1, NULL, 100),
(102, '新增权限', 'ums:rights:create', 'auth', NULL, NULL, 1, 0, NULL, 101),
(103, '修改权限', 'ums:rights:update', 'auth', NULL, NULL, 1, 0, NULL, 101),
(104, '获取权限', 'ums:rights:read', 'auth', NULL, NULL, 1, 0, NULL, 101),
(105, '删除权限', 'ums:rights:delete', 'auth', NULL, NULL, 1, 0, NULL, 101),
(106, '角色管理', 'ums:role', 'path', '/system/role/index.html', 'layui-icon layui-icon-console', 1, 2, NULL, 100),
(107, '新增角色', 'ums:role:create', 'auth', NULL, NULL, 1, 0, NULL, 106),
(108, '查询角色', 'ums:role:read', 'auth', NULL, NULL, 1, 0, NULL, 106),
(109, '修改角色', 'ums:role:update', 'auth', NULL, NULL, 1, 0, NULL, 106),
(110, '删除角色', 'ums:role:delete', 'auth', NULL, NULL, 1, 0, NULL, 106),
(111, '部门管理', 'ums:department', 'path', '/system/department/index.html', 'layui-icon layui-icon-console', 1, 3, NULL, 100),
(112, '新建部门', 'ums:department:create', 'auth', NULL, NULL, 1, 0, NULL, 111),
(113, '修改部门', 'ums:department:update', 'auth', NULL, NULL, 1, 0, NULL, 111),
(114, '删除部门', 'ums:department:delete', 'auth', NULL, NULL, 1, 0, NULL, 111),
(115, '查询部门', 'ums:department:read', 'auth', NULL, NULL, 1, 0, NULL, 111),
(116, '用户管理', 'ums:user', 'path', '/system/user/index.html', 'layui-icon layui-icon-console', 1, 4, NULL, 100),
(117, '新增用户', 'ums:user:create', 'auth', NULL, NULL, 1, 0, NULL, 116),
(118, '修改用户', 'ums:user:update', 'auth', NULL, NULL, 1, 0, NULL, 116),
(119, '查询用户', 'ums:user:read', 'auth', NULL, NULL, 1, 0, NULL, 116),
(120, '查询用户', 'ums:user:read', 'auth', NULL, NULL, 1, 0, NULL, 116),
(124, '工作空间', NULL, 'menu', NULL, 'layui-icon layui-icon-console', 1, 1, NULL, 0),
(125, '工作台', NULL, 'path', '/view/console/index.html', 'layui-icon layui-icon-console', 1, 2, '_component', 124),
(126, '首页', NULL, 'path', '/view/analysis/index.html', 'layui-icon layui-icon-console', 1, 1, '_component', 124),
(127, '订单付款管理', 'ums:order', 'menu', '', '', 1, 3, '_component', 0),
(130, '供应商管理', 'ums:supplier', 'path', '/supplier/info/supplier_info.html', '', 1, 4, '_component', 0),
(131, '项目信息管理', 'ums:project', 'path', '/project/info/project_info.html', '', 1, 5, '_component', 0),
(132, '订单维护', 'ums:order', 'path', '/order_pay/base/order_base.html', '', 1, 1, '_component', 127),
(133, '付款单维护', 'mus:pay', 'path', '/order_pay/base/pay_base.html', '', 1, 2, '_component', 127);


-- 表: ums_role
DELETE FROM `ums_role`;

INSERT INTO `ums_role` (`id`, `name`, `code`, `desc`, `rights_ids`) VALUES
(1, '超级管理员', 'super_admin', NULL, '100:101:102:103:104:105:106:107:109:108:110:111:112:113:114:115:116:117:118:119:120:124:125:126'),
(2, '普通管理员', 'admin', NULL, '106:107:109:108:110:111:112:113:114:115:116:117:118:119:120'),
(3, '普通用户', 'user', NULL, '111:112:113:114:115:116:117:118:119:120');


-- 表: ums_supplier
DELETE FROM `ums_supplier`;

INSERT INTO `ums_supplier` (`id`, `type_id`, `name`, `contact_person`, `phone`, `email`, `bank_name`, `account_number`, `address`, `remark`, `create_at`) VALUES
(1, 1, '北京建材有限公司', '张经理', '13800138001', 'zhang@bjjc.com', '中国工商银行北京分行', 6222021234567890123, '北京市朝阳区建材路123号', '主要供应钢材、水泥等建筑材料', '2026-01-06 23:21:55.640901'),
(2, 1, '上海五金制品厂', '李总', '13900139002', 'li@shwj.com', '中国建设银行上海分行', 6227001234567890124, '上海市浦东新区五金街456号', '专业生产各类五金配件', '2026-01-06 23:22:16.142022'),
(3, 2, '广州电子科技有限公司', '王工程师', '13700137003', 'wang@gztech.com', '中国银行广州分行', 6217001234567890125, '广州市天河区科技园789号', '提供电子元器件和智能设备', '2026-01-06 23:22:16.370368'),
(4, 2, '深圳机械设备公司', '陈主任', '13600136004', 'chen@szjx.com', '招商银行深圳分行', 6225881234567890126, '深圳市南山区工业区101号', '大型机械设备供应商', '2026-01-06 23:22:16.556787'),
(5, 3, '杭州化工原料公司', '刘经理', '13500135005', 'liu@hzhg.com', '中国农业银行杭州分行', 6228481234567890127, '杭州市西湖区化工路202号', '各类化工原料和化学试剂', '2026-01-06 23:22:16.757564'),
(6, 3, '成都食品加工厂', '赵厂长', '13400134006', 'zhao@cdfood.com', '中国工商银行成都分行', 6222021234567890128, '成都市锦江区食品工业园303号', '食品原料和加工服务', '2026-01-06 23:22:16.968633'),
(7, 1, '色哥如果', '辅导费', '124342443', '瓦尔塔', '二个人头我刚好', 21342342, '', '', '2026-01-07 01:16:55.607684');


-- 表: ums_user
DELETE FROM `ums_user`;

INSERT INTO `ums_user` (`id`, `nickname`, `username`, `password_hash`, `mobile`, `email`, `avatar`, `create_at`, `department_id`) VALUES
(1, 'admin', '超级管理员', 'scrypt:32768:8:1$dgpz449cBLu3z7Ji$2cc9d55f07e6314735a7bf7e67de63c81fcc3bf40f99babf6cc22d693b6463a72699a443d582940d05ccedc8fe0705e840dd64a397158a7d766f01527d9b95fa', '15543526531', '8540854@qq.com', NULL, '2026-01-06 17:49:31.145851', 1),
(2, '就眠仪式', '就眠仪式', 'scrypt:32768:8:1$9uRR6PKy79bdlLR8$656130daa4b0370539db3f217028d80ac72f8659ab8bac0a4e666bebc5acdc85330dc484c90abe5ff097db5f54073a34dac5f4f1e0b366608395a260d6886247', '155324324234', '8540854@qq.com', NULL, '2026-01-06 17:49:31.313350', 1),
(3, 'zhengxinonly', '正心全栈编程', 'scrypt:32768:8:1$nyYVYa6H8Xw7unHU$b1966329a77ba67d6ca19d6930551f19a3fce9b0a75389f1ae87e3db53cdcd3378f16677b07ab38e59b61d84e49226d58133dd38b17b196eec429329ab8cbe1e', '18675867241', 'pyxxponly@gmail.com', NULL, '2026-01-06 17:49:31.465296', 1);


-- 表: ums_role_rights
DELETE FROM `ums_role_rights`;

INSERT INTO `ums_role_rights` (`id`, `rights_id`, `role_id`) VALUES
(1, 126, 1),
(2, 102, 1),
(3, 103, 1),
(4, 104, 1),
(5, 105, 1),
(6, 106, 1),
(7, 107, 1),
(8, 108, 1),
(9, 109, 1),
(10, 110, 1),
(11, 111, 1),
(12, 112, 1),
(13, 113, 1),
(14, 114, 1),
(15, 115, 1),
(16, 116, 1),
(17, 117, 1),
(18, 118, 1),
(19, 119, 1),
(20, 120, 1),
(21, 124, 1),
(22, 100, 1),
(23, 125, 1),
(24, 101, 1),
(25, 111, 2),
(26, 119, 2),
(27, 114, 2),
(28, 120, 2),
(29, 118, 2),
(30, 115, 2),
(31, 108, 2),
(32, 116, 2),
(33, 106, 2),
(34, 113, 2),
(35, 117, 2),
(36, 109, 2),
(37, 112, 2),
(38, 110, 2),
(39, 107, 2),
(40, 119, 3),
(41, 120, 3),
(42, 114, 3),
(43, 111, 3),
(44, 117, 3),
(45, 118, 3),
(46, 116, 3),
(47, 112, 3),
(48, 113, 3),
(49, 115, 3),
(50, 127, 1),
(53, 130, 1),
(54, 131, 1),
(55, 132, 1),
(56, 133, 1);


-- 表: ums_user_role
DELETE FROM `ums_user_role`;

INSERT INTO `ums_user_role` (`id`, `user_id`, `role_id`) VALUES
(1, 1, 1),
(2, 2, 2),
(3, 3, 1);


-- 表: alembic_version
DELETE FROM `alembic_version`;

INSERT INTO `alembic_version` (`version_num`) VALUES
('ebe029624e8a');


-- 表: ums_project
DELETE FROM `ums_project`;

INSERT INTO `ums_project` (`id`, `project_name`, `project_full_name`, `project_scale`, `start_date`, `end_date`, `project_status`, `project_amount`, `attachments`, `create_at`) VALUES
(1, '智慧城市建设项目', 'XX市智慧城市基础设施建设项目', '大型', '2024-01-01', '2025-12-31', '进行中', 50000000, '[{"code":"智慧城市建设项目F001","name":"项目合同.pdf","url":"","size":0,"filename":"项目合同.pdf"},{"code":"智慧城市建设项目F002","name":"技术方案.docx","url":"","size":0,"filename":"技术方案.docx"},{"code":"智慧城市建设项目F003","name":"预算表.xlsx","url":"","size":0,"filename":"预算表.xlsx"}]', '2026-01-07 01:59:41.025243'),
(2, '办公楼装修工程', 'XX公司总部办公楼室内装修工程', '中型', '2024-03-15', '2024-08-30', '进行中', 3500000, '[{"name":"装修合同.pdf","url":"","size":0,"filename":"装修合同.pdf"},{"name":"设计图纸.dwg","url":"","size":0,"filename":"设计图纸.dwg"}]', '2026-01-07 01:59:41.025243'),
(3, '道路改造项目', 'XX区主干道路面改造及配套设施建设项目', '大型', '2023-06-01', '2024-05-31', '已完成', 12000000, '施工合同.pdf,施工图纸.dwg,验收报告.pdf', '2026-01-07 01:59:41.025243'),
(4, 'IT系统升级', '企业信息化管理系统升级改造项目', '中型', '2024-02-01', '2024-06-30', '已完成', 2800000, '技术合同.pdf,需求文档.docx', '2026-01-07 01:59:41.025243'),
(5, '环保设备采购', 'XX工厂环保设备采购及安装项目', '中型', '2024-04-01', '2024-10-31', '进行中', 8500000, '采购合同.pdf,设备清单.xlsx', '2026-01-07 01:59:41.025243'),
(6, '员工培训计划', '2024年度员工技能提升培训计划项目', '小型', '2024-01-01', '2024-12-31', '进行中', 500000, '培训计划.docx,培训协议.pdf', '2026-01-07 01:59:41.025243'),
(7, '数据中心建设', 'XX公司数据中心机房建设及设备采购项目', '大型', '2023-09-01', '2024-08-31', '已完成', 25000000, '建设合同.pdf,设备清单.xlsx,验收报告.pdf', '2026-01-07 01:59:41.025243'),
(8, '品牌推广活动', '2024年度品牌推广及市场营销活动项目', '小型', '2024-05-01', '2024-11-30', '进行中', 1200000, '活动方案.docx,合作协议.pdf', '2026-01-07 01:59:41.025243'),
(9, '仓库扩建工程', 'XX物流中心仓库扩建及配套设施建设项目', '大型', '2024-07-01', '2025-06-30', '进行中', 18000000, '施工合同.pdf,施工图纸.dwg,预算表.xlsx', '2026-01-07 01:59:41.025243'),
(10, '安全监控系统', 'XX园区安全监控系统安装及调试项目', '中型', '2024-03-01', '2024-07-31', '已暂停', 3200000, '采购合同.pdf,技术方案.docx', '2026-01-07 01:59:41.025243'),
(11, '产品研发项目', '新一代智能产品研发及测试项目', '中型', '2023-12-01', '2024-11-30', '进行中', 15000000, '研发计划.docx,技术文档.pdf', '2026-01-07 01:59:41.025243'),
(12, '网络升级改造', '企业网络基础设施升级改造项目', '中型', '2024-01-15', '2024-05-15', '已完成', 4500000, '改造合同.pdf,网络拓扑图.dwg', '2026-01-07 01:59:41.025243'),
(13, '绿化景观工程', 'XX公园绿化景观提升改造工程', '中型', '2024-04-01', '2024-09-30', '进行中', 6800000, '施工合同.pdf,设计图纸.dwg', '2026-01-07 01:59:41.025243'),
(14, '设备维护保养', '2024年度生产设备维护保养服务项目', '小型', '2024-01-01', '2024-12-31', '进行中', 800000, '服务合同.pdf,维护计划.xlsx', '2026-01-07 01:59:41.025243'),
(15, '质量认证项目', 'ISO9001质量管理体系认证及咨询服务项目', '小型', '2024-02-01', '2024-08-31', '已完成', 350000, '咨询合同.pdf,认证证书.pdf', '2026-01-07 01:59:41.025243'),
(16, '柔荑花谈何容易', '儿童观认同感', '让任何人', '2026-01-15', '2026-01-06', '进行中', 9999, '', '2026-01-07 02:14:59.601431'),
(17, '色哥哥如果柔荑花', '二个如果人体各', '23234', '2026-01-07', '2026-01-21', '进行中', 999, NULL, '2026-01-09 01:22:01.685336');


-- 表: ums_attachment
DELETE FROM `ums_attachment`;

INSERT INTO `ums_attachment` (`id`, `project_id`, `attachment_code`, `filename`, `original_filename`, `file_path`, `file_size`, `create_at`) VALUES
(1, 1, '智慧城市建设项目F001', 'unnamed (4).jpg', 'unnamed (4).jpg', '', 248321, '2026-01-07 02:49:56.858157'),
(2, 2, '办公楼装修工程F001', 'unnamed (4).jpg', 'unnamed (4).jpg', '', 248321, '2026-01-07 02:50:08.666350');


-- 表: ums_order
DELETE FROM `ums_order`;

INSERT INTO `ums_order` (`id`, `order_number`, `material_name`, `project_name`, `supplier_id`, `contact_phone`, `cutting_time`, `estimated_arrival_time`, `material_details`, `order_amount`, `material_manager`, `sub_project_manager`, `create_at`, `attachments`) VALUES
(1, 'D20240101001', '钢筋HRB400', '智慧城市建设项目', 1, '13800138001', '2024-01-15', '2024-01-25', 'HRB400级钢筋，直径12mm，数量500吨', 9999, '张三额', '李四', '2026-01-07 03:22:24.461140', '[]'),
(2, 'D20240102002', '混凝土C30', '办公楼装修工程', 2, '13800138002', '2024-03-20', '2024-03-30', 'C30商品混凝土，数量1000立方米', 480000, '王五', '赵六', '2026-01-07 03:22:24.461140', '[]'),
(3, 'D20240103003', '水泥P.O42.5', '道路改造项目', 3, '13800138003', '2023-06-10', '2023-06-20', '普通硅酸盐水泥P.O42.5，数量2000吨', 800000, '孙七', '周八', '2026-01-07 03:22:24.461140', NULL),
(4, 'D20240104004', '钢材Q235', 'IT系统升级', 4, '13800138004', '2024-02-05', '2024-02-15', 'Q235钢材，规格多样，数量300吨', 1500000, '吴九', '郑十', '2026-01-07 03:22:24.461140', NULL),
(5, 'D20240105005', '砂石料', '环保设备采购', 5, '13800138005', '2024-04-01', '2024-04-10', '中粗砂、碎石，各5000立方米', 600000, '张三', '李四', '2026-01-07 03:22:24.461140', NULL),
(6, 'D20240106006', '防水材料', '办公楼装修工程', 6, '13800138006', '2024-03-25', '2024-04-05', 'SBS防水卷材，厚度4mm，面积5000平方米', 250000, '王五', '赵六', '2026-01-07 03:22:24.461140', NULL),
(7, 'D20240107007', '保温材料', '智慧城市建设项目', 7, '13800138007', '2024-02-01', '2024-02-10', '聚苯乙烯泡沫板，厚度50mm，数量1000平方米', 180000, '孙七', '周八', '2026-01-07 03:22:24.461140', NULL),
(8, 'D20240108008', '电线电缆', 'IT系统升级', 1, '13800138008', '2024-02-10', '2024-02-20', 'BV线、YJV电缆，各种规格，总长度50000米', 320000, '吴九', '郑十', '2026-01-07 03:22:24.461140', NULL),
(9, 'D20240109009', '管道材料', '道路改造项目', 2, '13800138009', '2023-07-01', '2023-07-10', 'HDPE给水管、PVC排水管，各种规格', 580000, '张三', '李四', '2026-01-07 03:22:24.461140', NULL),
(10, 'D20240110010', '门窗材料', '办公楼装修工程', 3, '13800138010', '2024-04-01', '2024-04-15', '铝合金门窗、塑钢门窗，数量200套', 560000, '王五', '赵六', '2026-01-07 03:22:24.461140', NULL),
(11, 'D20240111011', '瓷砖', '办公楼装修工程', 4, '13800138011', '2024-04-05', '2024-04-18', '800x800mm地砖、300x600mm墙砖，数量各5000片', 420000, '孙七', '周八', '2026-01-07 03:22:24.461140', NULL),
(12, 'D20240112012', '涂料', '智慧城市建设项目', 5, '13800138012', '2024-02-15', '2024-02-25', '内墙乳胶漆、外墙真石漆，数量各5000升', 280000, '吴九', '郑十', '2026-01-07 03:22:24.461140', NULL),
(13, 'D20240113013', '石材', '道路改造项目', 6, '13800138013', '2023-08-01', '2023-08-15', '花岗岩、大理石，数量各1000平方米', 1200000, '张三', '李四', '2026-01-07 03:22:24.461140', NULL),
(14, 'D20240114014', '玻璃', '办公楼装修工程', 7, '13800138014', '2024-04-10', '2024-04-22', '钢化玻璃、中空玻璃，数量各500平方米', 350000, '王五', '赵六', '2026-01-07 03:22:24.461140', NULL),
(15, 'D20240115015', '五金配件', 'IT系统升级', 1, '13800138015', '2024-02-20', '2024-03-01', '螺丝、螺栓、合页等五金配件，数量5000套', 150000, '孙七', '周八', '2026-01-07 03:22:24.461140', NULL),
(16, 'D20260111098', '二点歌的人通过后', '办公楼装修工程', 1, '13800138001', '2026-01-11', NULL, '', 12345, '张三', '李四', '2026-01-11 10:21:51.018139', '[]');


-- 表: ums_pay
DELETE FROM `ums_pay`;

INSERT INTO `ums_pay` (`id`, `pay_number`, `order_id`, `payer_supplier_id`, `payee_supplier_id`, `payment_purpose`, `current_payment_amount`, `invoice_amount`, `payment_status`, `handler`, `create_at`) VALUES
(1, 'P202601080001', 1, 1, 7, '材料款结算 - D20240101001', 3071.72, 3273.9, 'partial', '孙七', '2026-01-08 16:06:37.832602'),
(2, 'P202601080002', 1, 2, 1, '材料款进度款 - D20240101001', 6927.28, 7339.2, 'partial', '张三', '2026-01-08 16:06:37.832602'),
(3, 'P202601080003', 2, 6, 5, '材料款进度款 - D20240102002', 450000, 464022.43, 'partial', '郑十', '2026-01-08 16:06:37.832602'),
(4, 'P202601080004', 3, 5, 1, '设备款结算 - D20240103003', 373188.86, 376720.75, 'paid', '郑十', '2026-01-08 16:06:37.832602'),
(5, 'P202601080005', 3, 2, 4, '材料款首付款 - D20240103003', 426811.14, 453550.07, 'pending', '郑十', '2026-01-08 16:06:37.832602'),
(6, 'P202601080006', 4, 4, 3, '工程款结算 - D20240104004', 1500000, 1584740.6, 'paid', '吴九', '2026-01-08 16:06:37.832602'),
(7, 'P202601080007', 5, 5, 2, '工程款结算 - D20240105005', 600000, 640183.38, 'pending', '吴九', '2026-01-08 16:06:37.832602'),
(8, 'P202601080008', 6, 5, 1, '材料款首付款 - D20240106006', 250000, 260607.7, 'partial', '郑十', '2026-01-08 16:06:37.832602'),
(9, 'P202601080009', 7, 3, 6, '工程进度款 - D20240107007', 180000, 186585.91, 'pending', '周八', '2026-01-08 16:06:37.832602'),
(10, 'P202601080010', 8, 1, 3, '材料款首付款 - D20240108008', 82016.21, 83102.45, 'paid', '郑十', '2026-01-08 16:06:37.832602'),
(11, 'P202601080011', 8, 4, 1, '设备采购款 - D20240108008', 39918.74, 41563.47, 'partial', '王五', '2026-01-08 16:06:37.832602'),
(12, 'P202601080012', 8, 4, 2, '工程款结算 - D20240108008', 198065.04, 204179.62, 'partial', '王五', '2026-01-08 16:06:37.832602'),
(13, 'P202601080013', 9, 2, 1, '材料款尾款 - D20240109009', 480000, 499078.53, 'pending', '赵六', '2026-01-08 16:06:37.832602'),
(14, 'P202601080014', 10, 1, 6, '材料款尾款 - D20240110010', 560000, 577068.18, 'pending', '郑十', '2026-01-08 16:06:37.832602'),
(15, 'P202601080015', 11, 4, 6, '材料款进度款 - D20240111011', 120074.15, 130154.84, 'paid', '孙七', '2026-01-08 16:06:37.832602'),
(16, 'P202601080016', 11, 2, 5, '材料款结算 - D20240111011', 299925.85, 307922.57, 'paid', '赵六', '2026-01-08 16:06:37.832602'),
(17, 'P202601080017', 12, 4, 7, '材料款进度款 - D20240112012', 42455.45, 45442.77, 'pending', '孙七', '2026-01-08 16:06:37.832602'),
(18, 'P202601080018', 12, 1, 4, '材料款进度款 - D20240112012', 157623.9, 168628.31, 'partial', '张三', '2026-01-08 16:06:37.832602'),
(19, 'P202601080019', 12, 6, 7, '质保金 - D20240112012', 79920.66, 87855.41, 'paid', '周八', '2026-01-08 16:06:37.832602'),
(20, 'P202601080020', 13, 4, 6, '材料款首付款 - D20240113013', 801386.54, 852120.62, 'partial', '王五', '2026-01-08 16:06:37.832602'),
(21, 'P202601080021', 13, 1, 4, '设备采购款 - D20240113013', 398613.46, 412026.29, 'partial', '赵六', '2026-01-08 16:06:37.832602'),
(22, 'P202601080022', 14, 6, 1, '材料款结算 - D20240114014', 350000, 354050.14, 'paid', '张三', '2026-01-08 16:06:37.832602'),
(23, 'P202601080023', 15, 5, 2, '质保金 - D20240115015', 23668.45, 24212.58, 'paid', '李四', '2026-01-08 16:06:37.832602'),
(24, 'P202601080024', 15, 2, 5, '设备采购款 - D20240115015', 126331.55, 129892.31, 'pending', '孙七', '2026-01-08 16:06:37.832602'),
(25, 'P202601089534', 1, 3, 2, 'k;lj;lj;lj', 1000, 100, 'pending', '孙七', '2026-01-08 17:15:07.539111'),
(26, 'P202601082006', 1, 2, 3, 'fghehthgt', 1000, 1000, 'pending', '孙七', '2026-01-08 17:16:46.819278'),
(27, 'P202601080819', 1, 1, 1, 'dfsdfh11111', 1000, 1000, 'pending', '孙七', '2026-01-08 17:24:24.405634'),
(28, 'P202601086462', 1, 4, 2, 'asdsvdsdfv11111', 1000, 1000, 'pending', '孙七', '2026-01-08 17:42:36.537440'),
(29, 'P202601083555', 2, 1, 1, 'geefwgfegfer', 2000, 2000, 'pending', '孙七', '2026-01-08 19:47:43.927760'),
(30, 'P202601080406', 2, 4, 1, 'efgrtghhrtw', 20000, 20000, 'pending', '孙七', '2026-01-08 20:43:02.724030'),
(31, 'P202601112653', 16, 1, 1, '热热吧', 123, 123, 'pending', '孙七', '2026-01-11 10:23:12.841658');


SET FOREIGN_KEY_CHECKS = 1;
